{
    "Parliament": [
        -37.8127127,
        144.9734669
    ],
    "Melbourne Central": [
        -37.81000385,
        144.96256902021068
    ],
    "Flagstaff": [
        -37.8118581,
        144.95602868156527
    ],
    "Southern Cross": [
        -37.8191925,
        144.9533975
    ],
    "Flinders Street": [
        -37.818185650000004,
        144.9664771839778
    ],
    "Richmond": [
        -37.823932049999996,
        144.98957127791425
    ],
    "East Richmond": [
        -37.826351700000004,
        144.99663607199102
    ],
    "Burnley": [
        -37.82762235,
        145.0080911963464
    ],
    "Hawthorn": [
        -37.8213341,
        145.0238215
    ],
    "Glenferrie": [
        -37.82154455,
        145.0364962969517
    ],
    "Auburn": [
        -37.8224057,
        145.0458764
    ],
    "Camberwell": [
        -37.82658505,
        145.0586576878648
    ],
    "Riversdale": [
        -37.8316172,
        145.06948907713937
    ],
    "Willison": [
        -37.8353952,
        145.0701111
    ],
    "Hartwell": [
        -37.8440337,
        145.0755686
    ],
    "Burwood": [
        -37.851671,
        145.0805767
    ],
    "Ashburton": [
        -37.862047,
        145.0812907
    ],
    "Alamein": [
        -37.8683603,
        145.0797334
    ],
    "East Camberwell": [
        -37.8257185,
        145.0683091
    ],
    "Canterbury": [
        -37.8247469,
        145.0807636
    ],
    "Chatham": [
        -37.8242309,
        145.0886628
    ],
    "Union": [
        -37.8211174,
        145.1033437
    ],
    "Box Hill": [
        -37.81963775,
        145.12236564996567
    ],
    "Laburnum": [
        -37.8206741,
        145.1408716
    ],
    "Blackburn": [
        -37.8204661,
        145.1503534
    ],
    "Nunawading": [
        -37.8204654,
        145.1764361
    ],
    "Mitcham": [
        -37.8180929,
        145.1928003
    ],
    "Heatherdale": [
        -37.81878295,
        145.21450795920998
    ],
    "Ringwood": [
        -37.8151793,
        145.2297314
    ],
    "Heathmont": [
        -37.8283636,
        145.244577
    ],
    "Bayswater": [
        -37.841739,
        145.2681208
    ],
    "Boronia": [
        -37.8601868,
        145.2843072
    ],
    "Ferntree Gully": [
        -37.8815825,
        145.2951466
    ],
    "Upper Ferntree Gully": [
        -37.8926144,
        145.3077074
    ],
    "Upwey": [
        -37.9036086,
        145.3313506
    ],
    "Tecoma": [
        -37.9080623,
        145.3429395
    ],
    "Belgrave": [
        -37.9096952,
        145.3548577
    ],
    "North Melbourne": [
        -37.8067303,
        144.9426907
    ],
    "Kensington": [
        -37.7939378,
        144.9305645
    ],
    "Newmarket": [
        -37.78744285,
        144.92900128531784
    ],
    "Ascot Vale": [
        -37.7753252,
        144.921825
    ],
    "Moonee Ponds": [
        -37.765935,
        144.9192614
    ],
    "Essendon": [
        -37.755962999999994,
        144.91617790401142
    ],
    "Glenbervie": [
        -37.747204,
        144.9209321
    ],
    "Strathmore": [
        -37.7434554,
        144.9272343
    ],
    "Pascoe Vale": [
        -37.7308567,
        144.928195
    ],
    "Oak Park": [
        -37.7180181,
        144.9215041
    ],
    "Glenroy": [
        -37.7046745,
        144.9177305
    ],
    "Jacana": [
        -37.6951482,
        144.9158281
    ],
    "Broadmeadows": [
        -37.6830563,
        144.9191195
    ],
    "Coolaroo": [
        -37.6606805,
        144.9250156
    ],
    "Roxburgh Park": [
        -37.6385152,
        144.9350757
    ],
    "Craigieburn": [
        -37.6022613,
        144.9430882
    ],
    "South Yarra": [
        -37.83787435,
        144.99240370674687
    ],
    "Malvern": [
        -37.8662837,
        145.02934699227836
    ],
    "Caulfield": [
        -37.8768317,
        145.0421711
    ],
    "Carnegie": [
        -37.88622945,
        145.05856954596675
    ],
    "Murrumbeena": [
        -37.8896395,
        145.0668924
    ],
    "Hughesdale": [
        -37.8944784,
        145.0768075
    ],
    "Oakleigh": [
        -37.8996503,
        145.0878223
    ],
    "Huntingdale": [
        -37.91094845,
        145.102844807947
    ],
    "Clayton": [
        -37.9247042,
        145.121014
    ],
    "Westall": [
        -37.9371295,
        145.1375129
    ],
    "Springvale": [
        -37.9497528,
        145.1533797
    ],
    "Sandown Park": [
        -37.956656699999996,
        145.1630095709479
    ],
    "Noble Park": [
        -37.9671383,
        145.1761496
    ],
    "Yarraman": [
        -37.9778874,
        145.1917132
    ],
    "Dandenong": [
        -37.990080199999994,
        145.20974888689744
    ],
    "Lynbrook": [
        -38.0571593,
        145.2493085
    ],
    "Merinda Park": [
        -38.0789223,
        145.2635179
    ],
    "Cranbourne": [
        -38.0996605,
        145.2802839
    ],
    "Hawksburn": [
        -37.8446681,
        145.0018603
    ],
    "Toorak": [
        -37.8496376,
        145.0121664
    ],
    "Armadale": [
        -37.8576878,
        145.0204025
    ],
    "Glen Huntly": [
        -37.8900716,
        145.0420495
    ],
    "Ormond": [
        -37.9034396,
        145.03959909925993
    ],
    "McKinnon": [
        -37.9112185,
        145.0381566
    ],
    "Bentleigh": [
        -37.9173566,
        145.0370343
    ],
    "Patterson": [
        -37.9249451,
        145.0355957
    ],
    "Moorabbin": [
        -37.9342869,
        145.0366618
    ],
    "Highett": [
        -37.9483533,
        145.0418113
    ],
    "Southland": [
        -37.9588873,
        145.0491415
    ],
    "Cheltenham": [
        -37.966757,
        145.054442
    ],
    "Mentone": [
        -37.9818874,
        145.0647893
    ],
    "Parkdale": [
        -37.9930593,
        145.0763034
    ],
    "Mordialloc": [
        -38.0067174,
        145.0875658
    ],
    "Aspendale": [
        -38.0272365,
        145.1021263
    ],
    "Edithvale": [
        -38.0381906,
        145.1088778
    ],
    "Chelsea": [
        -38.0523182,
        145.1165042
    ],
    "Bonbeach": [
        -38.065449,
        145.120108
    ],
    "Carrum": [
        -38.07752515,
        145.1230621504495
    ],
    "Seaford": [
        -38.1040134,
        145.1282259
    ],
    "Kananook": [
        -38.1212219,
        145.1351278
    ],
    "Frankston": [
        -38.1438097,
        145.1253744
    ],
    "Heyington": [
        -37.8346635,
        145.0227444
    ],
    "Kooyong": [
        -37.8397773,
        145.0330974
    ],
    "Tooronga": [
        -37.849344,
        145.0417139
    ],
    "Gardiner": [
        -37.8528738,
        145.05100001344096
    ],
    "Glen Iris": [
        -37.8596103,
        145.0586893
    ],
    "Darling": [
        -37.8689928,
        145.0629478
    ],
    "East Malvern": [
        -37.876887,
        145.0693198
    ],
    "Holmesglen": [
        -37.8745559,
        145.0902826
    ],
    "Jordanville": [
        -37.8737281,
        145.112275
    ],
    "Mount Waverley": [
        -37.8752472,
        145.1282737
    ],
    "Syndal": [
        -37.8763661,
        145.1499335
    ],
    "Glen Waverley": [
        -37.8799304,
        145.1631208
    ],
    "Jolimont": [
        -37.81650195,
        144.9838372088187
    ],
    "West Richmond": [
        -37.814693250000005,
        144.99159456274663
    ],
    "North Richmond": [
        -37.8103686,
        144.9925215
    ],