{
    "Central": [
        -33.883990749999995,
        151.20634226959788
    ],
    "Museum": [
        -33.8757288,
        151.21009641548483
    ],
    "St James": [
        -33.871232649999996,
        151.21177312327046
    ],
    "Circular Quay": [
        -33.8613593,
        151.2107193
    ],
    "Wynyard": [
        -33.8659903,
        151.2058096
    ],
    "Town Hall": [
        -33.873567,
        151.2068498
    ],
    "Tallawong": [
        -33.6917454,
        150.9055584187817
    ],
    "Rouse Hill": [
        -33.69235075,
        150.92460495421966
    ],
    "Kellyville": [
        -33.71308785,
        150.9351247631542
    ],
    "Bella Vista": [
        -33.73042545,
        150.94396346719367
    ],
    "Norwest": [
        -33.73403785,
        150.96418635278516
    ],
    "Hills Showground": [
        -33.72780325,
        150.98739429122256
    ],
    "Castle Hill": [
        -33.731486450000006,
        151.00780283101543
    ],
    "Cherrybrook": [
        -33.73670905,
        151.03196859538866
    ],
    "Epping": [
        -33.7728628,
        151.0820902
    ],
    "Macquarie University": [
        -33.77735,
        151.11810851914308
    ],
    "Macquarie Park": [
        -33.7851282,
        151.12828521757166
    ],
    "North Ryde": [
        -33.7944538,
        151.138716155286
    ],
    "Chatswood": [
        -33.7974806,
        151.180939
    ],
    "North Sydney": [
        -33.8412146,
        151.2074639
    ],
    "Victoria Cross": [
        -33.8360446,
        151.20748907023096
    ],
    "Barangaroo": [
        -33.859558449999994,
        151.20252840116825
    ],
    "Martin Place": [
        -33.8678177,
        151.210759
    ],
    "Pitt Street": [
        -33.8824014,
        151.2058702
    ],
    "Waterloo": [
        -33.89769325,
        151.20010445237256
    ],
    "Sydenham": [
        -33.914730399999996,
        151.16598230067058
    ],
    "Richmond": [
        -33.598844,
        150.7526484
    ],
    "East Richmond": [
        -33.6017995,
        150.7591827
    ],
    "Clarendon": [
        -33.6086191,
        150.7879859
    ],
    "Windsor": [
        -33.6136867,
        150.8110535
    ],
    "Mulgrave": [
        -33.6266428,
        150.8304778
    ],
    "Vineyard": [
        -33.6504037,
        150.8511233
    ],
    "Riverstone": [
        -33.6792149,
        150.8606028
    ],
    "Schofields": [
        -33.70456485,
        150.8738519601237
    ],
    "Quakers Hill": [
        -33.7273826,
        150.8861737341487
    ],
    "Marayong": [
        -33.746381549999995,
        150.9001793785204
    ],
    "Blacktown": [
        -33.76845,
        150.9074065
    ],
    "Seven Hills": [
        -33.7743804,
        150.93612211568467
    ],
    "Toongabbie": [
        -33.7875022,
        150.95147318506451
    ],
    "Pendle Hill": [
        -33.80116615,
        150.95592162756685
    ],
    "Wentworthville": [
        -33.8071839,
        150.9726612
    ],
    "Westmead": [
        -33.80841765,
        150.9879176116674
    ],
    "Parramatta": [
        -33.8175113,
        151.0054009
    ],
    "Harris Park": [
        -33.823366199999995,
        151.0076507129445
    ],
    "Strathfield": [
        -33.871703,
        151.0942326
    ],
    "Burwood": [
        -33.8771445,
        151.1040382
    ],
    "Redfern": [
        -33.892280150000005,
        151.19818216356302
    ],
    "Milsons Point": [
        -33.8466455,
        151.2127261
    ],
    "Waverton": [
        -33.8380922,
        151.1976471
    ],
    "Wollstonecraft": [
        -33.8317125,
        151.1917276
    ],
    "St Leonards": [
        -33.822438,
        151.1941934
    ],
    "Artarmon": [
        -33.808856,
        151.1851425
    ],
    "Roseville": [
        -33.7843685,
        151.1775506
    ],
    "Lindfield": [
        -33.7756095,
        151.1692144
    ],
    "Killara": [
        -33.7654807,
        151.16168317329823
    ],
    "Gordon": [
        -33.7557991,
        151.1543302
    ],
    "Pymble": [
        -33.7447018,
        151.1419726
    ],
    "Turramurra": [
        -33.73278574999181,
        151.12882478373794
    ],
    "Warrawee": [
        -33.7242007,
        151.1217112
    ],
    "Wahroonga": [
        -33.7175388,
        151.1169979
    ],
    "Waitara": [
        -33.7099879,
        151.1042928
    ],
    "Hornsby": [
        -33.7034849,
        151.0983925
    ],
    "Asquith": [
        -33.6886841,
        151.1080776
    ],
    "Mount Colah": [
        -33.6719686,
        151.1145291
    ],
    "Mount Kuring-gai": [
        -33.6531707,
        151.1368681
    ],
    "Berowra": [
        -33.6235384,
        151.1531676
    ],
    "Leppington": [
        -33.9543857,
        150.80806378606871
    ],
    "Edmondson Park": [
        -33.9692716,
        150.858626
    ],
    "Casula": [
        -33.9501572,
        150.9118445
    ],
    "Liverpool": [
        -33.9245421,
        150.9276398
    ],
    "Warwick Farm": [
        -33.9133304,
        150.9351023
    ],
    "Cabramatta": [
        -33.8950021,
        150.9388097
    ],
    "Canley Vale": [
        -33.8872029,
        150.9436605
    ],
    "Fairfield": [
        -33.8724177,
        150.9570025
    ],
    "Yennora": [
        -33.8646287,
        150.9711499
    ],
    "Guildford": [
        -33.8543165,
        150.9844864
    ],
    "Merrylands": [
        -33.8368127,
        150.9923283
    ],
    "Granville": [
        -33.8330942,
        151.0124059
    ],
    "Clyde": [
        -33.8359746,
        151.017066
    ],
    "Auburn": [
        -33.8492852,
        151.0328346
    ],
    "Lidcombe": [
        -33.8638146,
        151.0452428
    ],
    "Flemington": [
        -33.8648765,
        151.069948
    ],
    "Croydon": [
        -33.8832296,
        151.1155955
    ],
    "Ashfield": [
        -33.8876579,
        151.1258176
    ],
    "Summer Hill": [
        -33.8904591,
        151.1387232
    ],
    "Lewisham": [
        -33.8933685,
        151.1476275
    ],
    "Petersham": [
        -33.8939113,
        151.1553735
    ],
    "Stanmore": [
        -33.8945133,
        151.1639072
    ],
    "Newtown": [
        -33.8979176,
        151.1796131
    ],
    "Berala": [
        -33.8719154,
        151.0322942
    ],
    "Regents Park": [
        -33.8828393,
        151.0242784
    ],
    "Birrong": [
        -33.8933152,
        151.0240303
    ],
    "Yagoona": [
        -33.9067491,
        151.0243075
    ],
    "Bankstown": [
        -33.91773545,
        151.03619076289237
    ],
    "Punchbowl": [
        -33.9254126,
        151.0557609
    ],
    "Wiley Park": [
        -33.9227197,
        151.06807908164015
    ],
    "Lakemba": [
        -33.9201175,
        151.0758653
    ],
    "Belmore": [
        -33.9171961,
        151.0887104
    ],
    "Campsie": [
        -33.9105708,
        151.1026511
    ],
    "Canterbury": [
        -33.9119882,
        151.1186885
    ],
    "Hurlstone Park": [
        -33.9105924,
        151.1317928
    ],
    "Dulwich Hill": [
        -33.9110089,
        151.140913
    ],
    "Marrickville": [
        -33.9139638,
        151.1536185
    ],
    "St Peters": [
        -33.9072863,
        151.1806702
    ],
    "Erskineville": [
        -33.9009517,
        151.1852676
    ],
    "Bondi Junction": [
        -33.8912429,
        151.248455
    ],
    "Edgecliff": [
        -33.8792403,
        151.2361365
    ],